,CityID,pic
0,g49049,"url(""https://dynamic-media-cdn.tripadvisor.com/media/photo-o/08/a2/b7/f9/frank-liske-park.jpg?w=500&h=400&s=1"")"
1,g49049,"url(""https://dynamic-media-cdn.tripadvisor.com/media/photo-o/14/ea/ab/94/charlotte-motor-speedway.jpg?w=500&h=400&s=1"")"
2,g49049,"url(""https://dynamic-media-cdn.tripadvisor.com/media/photo-o/05/d1/95/64/sea-life-charlotte-concord.jpg?w=500&h=-1&s=1"")"
3,g49049,"url(""https://dynamic-media-cdn.tripadvisor.com/media/photo-o/05/35/61/01/wave-pool_rotated_180.jpg?w=500&h=400&s=1"")"
4,g49049,"url(""https://dynamic-media-cdn.tripadvisor.com/media/photo-o/0f/1b/b0/52/best-bbq-in-the-carolina.jpg?w=300&h=300&s=1"")"
5,g49049,"url(""https://dynamic-media-cdn.tripadvisor.com/media/photo-o/0b/cc/a2/af/20160630-101552-largejpg.jpg?w=300&h=300&s=1"")"
6,g49049,"url(""https://dynamic-media-cdn.tripadvisor.com/media/photo-o/05/3e/ea/31/gianni-s-trattoria.jpg?w=300&h=300&s=1"")"
7,g49049,"url(""https://dynamic-media-cdn.tripadvisor.com/media/photo-o/11/ff/77/9f/logo.jpg?w=300&h=300&s=1"")"
8,g49049,"url(""https://dynamic-media-cdn.tripadvisor.com/media/photo-o/08/95/5b/b3/on-the-border.jpg?w=300&h=300&s=1"")"
9,g49049,"url(""https://dynamic-media-cdn.tripadvisor.com/media/photo-o/08/1b/fc/d5/photo1jpg.jpg?w=300&h=300&s=1"")"
10,g49049,"url(""https://dynamic-media-cdn.tripadvisor.com/media/photo-o/1a/0c/ef/2f/exterior.jpg?w=300&h=300&s=1"")"
11,g49049,"url(""https://dynamic-media-cdn.tripadvisor.com/media/photo-o/19/d7/8b/3e/exterior.jpg?w=300&h=300&s=1"")"
12,g49049,"url(""https://dynamic-media-cdn.tripadvisor.com/media/photo-o/1b/19/6d/a8/exterior.jpg?w=300&h=300&s=1"")"
13,g49049,"url(""https://dynamic-media-cdn.tripadvisor.com/media/photo-o/07/e1/26/a8/jim-n-nicks-bbq.jpg?w=300&h=300&s=1"")"
14,g49049,"url(""https://dynamic-media-cdn.tripadvisor.com/media/photo-o/14/0c/8e/96/r-r-s-slow-cooked-eastern.jpg?w=300&h=300&s=1"")"
15,g49049,"url(""https://dynamic-media-cdn.tripadvisor.com/media/photo-o/0b/43/db/17/20160514-133807-largejpg.jpg?w=300&h=300&s=1"")"
16,g49049,"url(""https://dynamic-media-cdn.tripadvisor.com/media/photo-s/02/c0/a4/cf/charlotte-motor-speedway.jpg?w=300&h=300&s=1"")"
17,g49049,"url(""https://dynamic-media-cdn.tripadvisor.com/media/photo-o/04/65/af/6b/nhra-dragsters-at-zmax.jpg?w=300&h=300&s=1"")"
18,g49049,"url(""https://dynamic-media-cdn.tripadvisor.com/media/photo-s/03/01/91/3d/the-wolf-den-room.jpg?w=300&h=300&s=1"")"
19,g49049,"url(""https://dynamic-media-cdn.tripadvisor.com/media/photo-o/19/d7/88/1e/exterior.jpg?w=300&h=300&s=1"")"
20,g49049,"url(""https://dynamic-media-cdn.tripadvisor.com/media/photo-o/1b/07/69/91/exterior.jpg?w=300&h=300&s=1"")"
21,g49049,"url(""https://dynamic-media-cdn.tripadvisor.com/media/photo-o/1b/2f/a0/cd/exterior.jpg?w=300&h=300&s=1"")"
22,g49049,"url(""https://dynamic-media-cdn.tripadvisor.com/media/photo-o/0e/a2/bd/16/photo0jpg.jpg?w=300&h=300&s=1"")"
23,g49049,"url(""https://dynamic-media-cdn.tripadvisor.com/media/photo-o/09/75/2e/23/20151106-140241-largejpg.jpg?w=300&h=300&s=1"")"
24,g49049,"url(""https://dynamic-media-cdn.tripadvisor.com/media/photo-o/06/3e/8d/2f/crazy-big.jpg?w=300&h=300&s=1"")"
25,g49049,"url(""https://dynamic-media-cdn.tripadvisor.com/media/photo-o/09/44/08/09/sea-life-charlotte-concord.jpg?w=1000&h=700&s=1"")"
26,g49049,"url(""https://dynamic-media-cdn.tripadvisor.com/media/photo-o/05/d1/95/64/sea-life-charlotte-concord.jpg?w=200&h=-1&s=1"")"
27,g49049,"url(""https://dynamic-media-cdn.tripadvisor.com/media/photo-o/06/65/aa/95/the-depot-at-gibson-mill.jpg?w=300&h=300&s=1"")"
28,g49049,"url(""https://dynamic-media-cdn.tripadvisor.com/media/photo-o/05/d1/95/64/sea-life-charlotte-concord.jpg?w=300&h=300&s=1"")"
29,g49049,"url(""https://dynamic-media-cdn.tripadvisor.com/media/photo-o/0a/ac/43/ec/cabarrus-brewing-company.jpg?w=300&h=300&s=1"")"
30,g49049,"url(""https://dynamic-media-cdn.tripadvisor.com/media/photo-o/08/6d/5b/24/the-under-sea-exhibit.jpg?w=900&h=-1&s=1"")"
31,g49049,"url(""https://dynamic-media-cdn.tripadvisor.com/media/photo-o/05/d1/95/64/sea-life-charlotte-concord.jpg?w=200&h=-1&s=1"")"
32,g49049,"url(""https://dynamic-media-cdn.tripadvisor.com/media/photo-o/17/4a/7a/7d/bexley-village-luxury.jpg?w=900&h=-1&s=1"")"
33,g49049,"url(""https://dynamic-media-cdn.tripadvisor.com/media/photo-o/08/a2/b7/f9/frank-liske-park.jpg?w=200&h=-1&s=1"")"
34,g49049,"url(""https://dynamic-media-cdn.tripadvisor.com/media/photo-o/0c/b8/7d/1a/inside.jpg?w=300&h=300&s=1"")"
35,g49049,"url(""https://dynamic-media-cdn.tripadvisor.com/media/photo-o/0a/95/ce/b2/main-entrance.jpg?w=300&h=300&s=1"")"
36,g49049,"url(""https://dynamic-media-cdn.tripadvisor.com/media/photo-o/0b/69/74/bc/local-favorite.jpg?w=300&h=300&s=1"")"
37,g49049,"url(""https://dynamic-media-cdn.tripadvisor.com/media/photo-o/0f/a1/55/e7/breakfast-buffet-area.jpg?w=1000&h=700&s=1"")"
38,g49049,"url(""https://dynamic-media-cdn.tripadvisor.com/media/photo-o/1b/34/71/2e/exterior.jpg?w=200&h=-1&s=1"")"
39,g49049,"url(""https://dynamic-media-cdn.tripadvisor.com/media/photo-o/0f/5f/e0/e1/first-lap-of-the-race.jpg?w=900&h=-1&s=1"")"
40,g49049,"url(""https://dynamic-media-cdn.tripadvisor.com/media/photo-o/07/3b/65/ad/nascar-racing-experience.jpg?w=200&h=-1&s=1"")"
41,g49049,"url(""https://dynamic-media-cdn.tripadvisor.com/media/photo-o/0d/d5/b8/a5/1208161650-hdr-1-crosswinds.jpg?w=300&h=300&s=1"")"
42,g49049,"url(""https://dynamic-media-cdn.tripadvisor.com/media/photo-o/08/2a/75/33/mobile-home-park-friendly.jpg?w=300&h=300&s=1"")"
43,g49049,"url(""https://dynamic-media-cdn.tripadvisor.com/media/photo-o/1a/44/b1/46/camping-world-racing.jpg?w=300&h=300&s=1"")"
44,g49049,"url(""https://dynamic-media-cdn.tripadvisor.com/media/photo-o/0e/db/a6/29/photo1jpg.jpg?w=1000&h=700&s=1"")"
45,g49049,"url(""https://dynamic-media-cdn.tripadvisor.com/media/photo-o/04/ad/ca/d5/rocky-river-golf-club.jpg?w=200&h=-1&s=1"")"
46,g49049,"url(""https://dynamic-media-cdn.tripadvisor.com/media/photo-o/1a/38/f8/cf/photo0jpg.jpg?w=900&h=-1&s=1"")"
47,g49049,"url(""https://dynamic-media-cdn.tripadvisor.com/media/photo-s/03/08/8a/ee/union-st-bistro.jpg?w=200&h=-1&s=1"")"
48,g49049,"url(""https://dynamic-media-cdn.tripadvisor.com/media/photo-o/05/e8/29/25/catfish-and-shrimp.jpg?w=300&h=300&s=1"")"
49,g49049,"url(""https://dynamic-media-cdn.tripadvisor.com/media/photo-o/0d/76/1d/8b/open-recently-give-them.jpg?w=300&h=300&s=1"")"
50,g49049,"url(""https://dynamic-media-cdn.tripadvisor.com/media/photo-o/0b/64/58/70/excellent-seafod.jpg?w=300&h=300&s=1"")"
51,g49049,"url(""https://dynamic-media-cdn.tripadvisor.com/media/photo-o/10/e1/16/56/meeting-room-reception.jpg?w=900&h=-1&s=1"")"
52,g49049,"url(""https://dynamic-media-cdn.tripadvisor.com/media/photo-o/1b/1c/05/aa/exterior.jpg?w=200&h=-1&s=1"")"
53,g49049,"url(""https://dynamic-media-cdn.tripadvisor.com/media/photo-o/10/01/da/29/meeting-space-classroom.jpg?w=1000&h=700&s=1"")"
54,g49049,"url(""https://dynamic-media-cdn.tripadvisor.com/media/photo-o/1b/19/6d/a8/exterior.jpg?w=200&h=-1&s=1"")"
55,g49049,"url(""https://dynamic-media-cdn.tripadvisor.com/media/photo-o/1a/0c/ef/2f/exterior.jpg?w=300&h=300&s=1"")"
56,g49049,"url(""https://dynamic-media-cdn.tripadvisor.com/media/photo-o/19/d7/8b/3e/exterior.jpg?w=300&h=300&s=1"")"
57,g49049,"url(""https://dynamic-media-cdn.tripadvisor.com/media/photo-o/19/d7/88/1e/exterior.jpg?w=300&h=300&s=1"")"
58,g49049,"url(""https://dynamic-media-cdn.tripadvisor.com/media/photo-o/17/4a/7a/5c/bexley-village-luxury.jpg?w=900&h=-1&s=1"")"
59,g49049,"url(""https://dynamic-media-cdn.tripadvisor.com/media/photo-o/08/a2/b7/f9/frank-liske-park.jpg?w=200&h=-1&s=1"")"
60,g49049,"url(""https://dynamic-media-cdn.tripadvisor.com/media/photo-o/0e/46/09/83/homewood-suites-by-hilton.jpg?w=1000&h=700&s=1"")"
61,g49049,"url(""https://dynamic-media-cdn.tripadvisor.com/media/photo-o/1a/0c/ef/2f/exterior.jpg?w=200&h=-1&s=1"")"
62,g49049,"url(""https://dynamic-media-cdn.tripadvisor.com/media/photo-o/0b/cc/a2/af/20160630-101552-largejpg.jpg?w=300&h=300&s=1"")"
63,g49049,"url(""https://dynamic-media-cdn.tripadvisor.com/media/photo-o/0c/b8/7d/1a/inside.jpg?w=300&h=300&s=1"")"
64,g49049,"url(""https://dynamic-media-cdn.tripadvisor.com/media/photo-o/0e/a2/bd/16/photo0jpg.jpg?w=300&h=400&s=1"")"
65,g49049,"url(""https://dynamic-media-cdn.tripadvisor.com/media/photo-o/12/eb/70/b3/20180503-184221-largejpg.jpg?w=900&h=-1&s=1"")"
66,g49049,"url(""https://dynamic-media-cdn.tripadvisor.com/media/photo-o/12/f4/c8/8c/two-tacos-and-a-side.jpg?w=200&h=-1&s=1"")"
67,g49049,"url(""https://dynamic-media-cdn.tripadvisor.com/media/photo-o/12/7b/eb/1a/photo8jpg.jpg?w=900&h=-1&s=1"")"
68,g49049,"url(""https://dynamic-media-cdn.tripadvisor.com/media/photo-o/19/d7/88/1e/exterior.jpg?w=200&h=-1&s=1"")"
69,g49049,"url(""https://dynamic-media-cdn.tripadvisor.com/media/photo-o/10/b4/bf/fd/affordable-corporate.jpg?w=300&h=300&s=1"")"
70,g49049,"url(""https://dynamic-media-cdn.tripadvisor.com/media/photo-o/06/80/25/d7/quiet-location.jpg?w=300&h=300&s=1"")"
71,g49049,"url(""https://dynamic-media-cdn.tripadvisor.com/media/photo-o/17/8b/ef/9e/pool.jpg?w=300&h=300&s=1"")"
72,g49049,"url(""https://dynamic-media-cdn.tripadvisor.com/media/photo-o/0e/46/0a/77/homewood-suites-by-hilton.jpg?w=1000&h=700&s=1"")"
73,g49049,"url(""https://dynamic-media-cdn.tripadvisor.com/media/photo-o/1a/0c/ef/2f/exterior.jpg?w=200&h=-1&s=1"")"
74,g49049,"url(""https://dynamic-media-cdn.tripadvisor.com/media/photo-o/11/8a/93/97/meeting-space-to-accomodate.jpg?w=1000&h=700&s=1"")"
75,g49049,"url(""https://dynamic-media-cdn.tripadvisor.com/media/photo-o/1b/19/6d/a8/exterior.jpg?w=200&h=-1&s=1"")"
76,g49049,"url(""https://dynamic-media-cdn.tripadvisor.com/media/photo-o/1a/0c/ef/2f/exterior.jpg?w=300&h=300&s=1"")"
77,g49049,"url(""https://dynamic-media-cdn.tripadvisor.com/media/photo-o/19/d7/8b/3e/exterior.jpg?w=300&h=300&s=1"")"
78,g49049,"url(""https://dynamic-media-cdn.tripadvisor.com/media/photo-o/1b/19/6d/a8/exterior.jpg?w=300&h=300&s=1"")"
79,g49049,"url(""https://dynamic-media-cdn.tripadvisor.com/media/photo-o/14/0c/8e/a7/bbq-ribs.jpg?w=1000&h=700&s=1"")"
80,g49049,"url(""https://dynamic-media-cdn.tripadvisor.com/media/photo-o/14/0c/8e/96/r-r-s-slow-cooked-eastern.jpg?w=200&h=-1&s=1"")"
81,g49049,"url(""https://dynamic-media-cdn.tripadvisor.com/media/photo-o/0f/28/69/59/kannapolis.jpg?w=1000&h=700&s=1"")"
82,g49049,"url(""https://dynamic-media-cdn.tripadvisor.com/media/photo-o/1b/35/78/72/kannapolis.jpg?w=200&h=-1&s=1"")"
83,g49049,"url(""https://dynamic-media-cdn.tripadvisor.com/media/photo-o/06/5c/c0/38/chicken-pad-thai.jpg?w=300&h=300&s=1"")"
84,g49049,"url(""https://dynamic-media-cdn.tripadvisor.com/media/photo-o/07/63/98/6b/so-good.jpg?w=300&h=300&s=1"")"
85,g49049,"url(""https://dynamic-media-cdn.tripadvisor.com/media/photo-o/0a/16/65/99/main-entrance.jpg?w=300&h=300&s=1"")"
86,g49049,"url(""https://dynamic-media-cdn.tripadvisor.com/media/photo-o/06/d8/5b/75/memorial-gardens.jpg?w=900&h=-1&s=1"")"
87,g49049,"url(""https://dynamic-media-cdn.tripadvisor.com/media/photo-o/0e/ef/56/32/kannapolis.jpg?w=1000&h=700&s=1"")"
88,g49049,"url(""https://dynamic-media-cdn.tripadvisor.com/media/photo-o/1b/35/78/72/kannapolis.jpg?w=200&h=-1&s=1"")"
89,g49049,"url(""https://dynamic-media-cdn.tripadvisor.com/media/photo-o/05/3e/ea/31/gianni-s-trattoria.jpg?w=300&h=300&s=1"")"
90,g49049,"url(""https://dynamic-media-cdn.tripadvisor.com/media/photo-o/05/e8/29/25/catfish-and-shrimp.jpg?w=300&h=300&s=1"")"
91,g49049,"url(""https://dynamic-media-cdn.tripadvisor.com/media/photo-o/06/e7/7f/84/texas-roadhouse.jpg?w=300&h=300&s=1"")"
92,g49049,"url(""https://dynamic-media-cdn.tripadvisor.com/media/photo-o/14/0c/8e/9c/r-r-bbq-fixin-s.jpg?w=1000&h=700&s=1"")"
93,g49049,"url(""https://dynamic-media-cdn.tripadvisor.com/media/photo-o/14/0c/8e/96/r-r-s-slow-cooked-eastern.jpg?w=200&h=-1&s=1"")"
94,g49049,"url(""https://dynamic-media-cdn.tripadvisor.com/media/photo-s/02/c0/a4/cf/charlotte-motor-speedway.jpg?w=300&h=300&s=1"")"
95,g49049,"url(""https://dynamic-media-cdn.tripadvisor.com/media/photo-o/12/e0/61/19/you-can-t-take-it-with.jpg?w=300&h=-1&s=1"")"
96,g49049,"url(""https://dynamic-media-cdn.tripadvisor.com/media/photo-o/10/57/3e/9d/front-door-next-to-gym.jpg?w=300&h=400&s=1"")"
97,g49049,"url(""https://dynamic-media-cdn.tripadvisor.com/media/photo-o/0f/a1/56/79/lobby-seating-area.jpg?w=1000&h=700&s=1"")"
98,g49049,"url(""https://dynamic-media-cdn.tripadvisor.com/media/photo-o/1b/34/71/2e/exterior.jpg?w=200&h=-1&s=1"")"
99,g49049,"url(""https://dynamic-media-cdn.tripadvisor.com/media/photo-o/16/f8/f1/cb/concord.jpg?w=1000&h=700&s=1"")"
100,g49049,"url(""https://dynamic-media-cdn.tripadvisor.com/media/photo-o/0b/cc/a2/af/20160630-101552-largejpg.jpg?w=300&h=300&s=1"")"
101,g49049,"url(""https://dynamic-media-cdn.tripadvisor.com/media/photo-o/0c/b8/7d/1a/inside.jpg?w=300&h=300&s=1"")"
102,g49049,"url(""https://dynamic-media-cdn.tripadvisor.com/media/photo-o/0d/9a/11/4a/breakfast-the-way-it.jpg?w=300&h=300&s=1"")"
103,g49049,"url(""https://dynamic-media-cdn.tripadvisor.com/media/photo-o/14/ea/ab/94/charlotte-motor-speedway.jpg?w=900&h=-1&s=1"")"
104,g49049,"url(""https://dynamic-media-cdn.tripadvisor.com/media/photo-s/02/c0/a4/cf/charlotte-motor-speedway.jpg?w=200&h=-1&s=1"")"
105,g49049,"url(""https://dynamic-media-cdn.tripadvisor.com/media/photo-o/0a/1d/15/14/right-off-of-i-85.jpg?w=1000&h=700&s=1"")"
106,g49049,"url(""https://dynamic-media-cdn.tripadvisor.com/media/photo-o/06/d8/5b/75/memorial-gardens.jpg?w=300&h=300&s=1"")"
107,g49049,"url(""https://dynamic-media-cdn.tripadvisor.com/media/photo-o/0d/9a/ab/ab/interior.jpg?w=300&h=400&s=1"")"
108,g49049,"url(""https://dynamic-media-cdn.tripadvisor.com/media/photo-o/01/52/ad/a5/the-dale-trail.jpg?w=300&h=400&s=1"")"
109,g49049,"url(""https://dynamic-media-cdn.tripadvisor.com/media/photo-o/0f/1b/b0/52/best-bbq-in-the-carolina.jpg?w=1000&h=700&s=1"")"
110,g49049,"url(""https://dynamic-media-cdn.tripadvisor.com/media/photo-o/0f/1b/b0/52/best-bbq-in-the-carolina.jpg?w=200&h=-1&s=1"")"
111,g49049,"url(""https://dynamic-media-cdn.tripadvisor.com/media/photo-o/09/96/f3/40/20151123-102011-largejpg.jpg?w=900&h=-1&s=1"")"
112,g49049,"url(""https://dynamic-media-cdn.tripadvisor.com/media/photo-o/0b/c2/94/1c/20160626-092550-largejpg.jpg?w=200&h=-1&s=1"")"
113,g49049,"url(""https://dynamic-media-cdn.tripadvisor.com/media/photo-o/1a/0c/ef/2f/exterior.jpg?w=300&h=300&s=1"")"
114,g49049,"url(""https://dynamic-media-cdn.tripadvisor.com/media/photo-o/19/d7/8b/3e/exterior.jpg?w=300&h=300&s=1"")"
115,g49049,"url(""https://dynamic-media-cdn.tripadvisor.com/media/photo-o/1b/19/6d/a8/exterior.jpg?w=300&h=300&s=1"")"
116,g49049,"url(""https://dynamic-media-cdn.tripadvisor.com/media/photo-o/12/70/f1/25/golf-resort-spa.jpg?w=1000&h=700&s=1"")"
117,g49049,"url(""https://dynamic-media-cdn.tripadvisor.com/media/photo-o/19/d7/88/1e/exterior.jpg?w=200&h=-1&s=1"")"
118,g49049,"url(""https://dynamic-media-cdn.tripadvisor.com/media/photo-o/10/a0/3a/54/our-outdoor-pool.jpg?w=1000&h=700&s=1"")"
119,g49049,"url(""https://dynamic-media-cdn.tripadvisor.com/media/photo-o/1b/1c/05/aa/exterior.jpg?w=200&h=-1&s=1"")"
120,g49049,"url(""https://dynamic-media-cdn.tripadvisor.com/media/photo-o/19/d7/88/1e/exterior.jpg?w=300&h=300&s=1"")"
121,g49049,"url(""https://dynamic-media-cdn.tripadvisor.com/media/photo-o/16/f8/f1/cb/concord.jpg?w=300&h=300&s=1"")"
122,g49049,"url(""https://dynamic-media-cdn.tripadvisor.com/media/photo-o/1b/34/71/2e/exterior.jpg?w=300&h=300&s=1"")"
123,g49049,"url(""https://dynamic-media-cdn.tripadvisor.com/media/photo-o/0e/2c/91/85/my-lunch.jpg?w=900&h=-1&s=1"")"
124,g49049,"url(""https://dynamic-media-cdn.tripadvisor.com/media/photo-o/08/95/5b/b3/on-the-border.jpg?w=200&h=-1&s=1"")"
125,g49049,"url(""https://dynamic-media-cdn.tripadvisor.com/media/photo-o/09/77/5f/1a/20151107-125005-largejpg.jpg?w=300&h=400&s=1"")"
126,g49049,"url(""https://dynamic-media-cdn.tripadvisor.com/media/photo-o/0c/48/9f/66/bit-hard-to-get-to.jpg?w=300&h=300&s=1"")"
127,g49049,"url(""https://dynamic-media-cdn.tripadvisor.com/media/photo-o/09/95/e5/b2/wendy-s.jpg?w=300&h=300&s=1"")"
128,g49049,"url(""https://dynamic-media-cdn.tripadvisor.com/media/photo-o/17/f9/d8/2b/photo1jpg.jpg?w=900&h=-1&s=1"")"
129,g49049,"url(""https://dynamic-media-cdn.tripadvisor.com/media/photo-o/04/ad/ca/d5/rocky-river-golf-club.jpg?w=200&h=-1&s=1"")"
130,g49049,"url(""https://dynamic-media-cdn.tripadvisor.com/media/photo-o/1b/35/78/72/kannapolis.jpg?w=300&h=300&s=1"")"
131,g49049,"url(""https://dynamic-media-cdn.tripadvisor.com/media/photo-o/13/69/01/62/hotel-exterior.jpg?w=300&h=300&s=1"")"
132,g49049,"url(""https://dynamic-media-cdn.tripadvisor.com/media/photo-o/0a/1d/15/14/right-off-of-i-85.jpg?w=300&h=300&s=1"")"
133,g49049,"url(""https://dynamic-media-cdn.tripadvisor.com/media/photo-o/12/95/86/0d/the-meats-are-unreal.jpg?w=1000&h=700&s=1"")"
134,g49049,"url(""https://dynamic-media-cdn.tripadvisor.com/media/photo-o/0f/1b/b0/52/best-bbq-in-the-carolina.jpg?w=200&h=-1&s=1"")"
135,g49049,"url(""https://dynamic-media-cdn.tripadvisor.com/media/photo-o/07/e1/86/ce/subway.jpg?w=300&h=300&s=1"")"
136,g49049,"url(""https://dynamic-media-cdn.tripadvisor.com/media/photo-o/09/db/11/94/not-outstanding-but-ok.jpg?w=300&h=300&s=1"")"
137,g49049,"url(""https://dynamic-media-cdn.tripadvisor.com/media/photo-o/0a/21/42/01/good-quick-sandwiches.jpg?w=300&h=400&s=1"")"
138,g49049,"url(""https://dynamic-media-cdn.tripadvisor.com/media/photo-o/0e/2c/91/67/fajita-chicken.jpg?w=900&h=-1&s=1"")"
139,g49049,"url(""https://dynamic-media-cdn.tripadvisor.com/media/photo-o/08/95/5b/b3/on-the-border.jpg?w=200&h=-1&s=1"")"
140,g49049,"url(""https://dynamic-media-cdn.tripadvisor.com/media/photo-o/1a/69/00/f5/a-beautiful-day-in-old.jpg?w=300&h=300&s=1"")"
141,g49049,"url(""https://dynamic-media-cdn.tripadvisor.com/media/photo-o/16/91/ba/11/20190222-181156-largejpg.jpg?w=300&h=300&s=1"")"
142,g49049,"url(""https://dynamic-media-cdn.tripadvisor.com/media/photo-o/0d/d0/fe/8c/local-favorite-for-mexicam.jpg?w=300&h=300&s=1"")"
143,g49049,"url(""https://dynamic-media-cdn.tripadvisor.com/media/photo-o/0b/c2/94/1c/20160626-092550-largejpg.jpg?w=1000&h=700&s=1"")"
144,g49049,"url(""https://dynamic-media-cdn.tripadvisor.com/media/photo-o/0b/c2/94/1c/20160626-092550-largejpg.jpg?w=200&h=-1&s=1"")"
145,g49049,"url(""https://dynamic-media-cdn.tripadvisor.com/media/photo-o/15/17/62/5c/concord.jpg?w=1000&h=700&s=1"")"
146,g49049,"url(""https://dynamic-media-cdn.tripadvisor.com/media/photo-o/16/f8/f1/cb/concord.jpg?w=200&h=-1&s=1"")"
147,g49049,"url(""https://dynamic-media-cdn.tripadvisor.com/media/photo-o/0b/cc/a2/af/20160630-101552-largejpg.jpg?w=300&h=300&s=1"")"
148,g49049,"url(""https://dynamic-media-cdn.tripadvisor.com/media/photo-o/05/3e/ea/31/gianni-s-trattoria.jpg?w=300&h=300&s=1"")"
149,g49049,"url(""https://dynamic-media-cdn.tripadvisor.com/media/photo-o/05/e8/29/25/catfish-and-shrimp.jpg?w=300&h=300&s=1"")"
150,g49049,"url(""https://dynamic-media-cdn.tripadvisor.com/media/photo-o/0b/92/00/ba/photo7jpg.jpg?w=900&h=-1&s=1"")"
151,g49049,"url(""https://dynamic-media-cdn.tripadvisor.com/media/photo-s/02/c0/a4/cf/charlotte-motor-speedway.jpg?w=200&h=-1&s=1"")"
152,g49049,"url(""https://dynamic-media-cdn.tripadvisor.com/media/photo-o/02/e7/9d/ca/cabarrus-creamery.jpg?w=300&h=400&s=1"")"
153,g49049,"url(""https://dynamic-media-cdn.tripadvisor.com/media/photo-o/02/64/01/24/chocolatier-barrucand.jpg?w=300&h=300&s=1"")"
154,g49049,"url(""https://dynamic-media-cdn.tripadvisor.com/media/photo-o/12/21/98/9d/downtown-dozen.jpg?w=300&h=300&s=1"")"
155,g49049,"url(""https://dynamic-media-cdn.tripadvisor.com/media/photo-o/0c/73/63/34/the-food-was-good-we.jpg?w=900&h=-1&s=1"")"
156,g49049,"url(""https://dynamic-media-cdn.tripadvisor.com/media/photo-o/05/e8/29/25/catfish-and-shrimp.jpg?w=200&h=-1&s=1"")"
157,g49049,"url(""https://dynamic-media-cdn.tripadvisor.com/media/photo-o/07/e1/26/a8/jim-n-nicks-bbq.jpg?w=900&h=-1&s=1"")"
158,g49049,"url(""https://dynamic-media-cdn.tripadvisor.com/media/photo-o/07/e1/26/a8/jim-n-nicks-bbq.jpg?w=200&h=-1&s=1"")"
159,g49049,"url(""https://dynamic-media-cdn.tripadvisor.com/media/photo-o/08/95/5b/b3/on-the-border.jpg?w=300&h=300&s=1"")"
160,g49049,"url(""https://dynamic-media-cdn.tripadvisor.com/media/photo-o/08/1b/fc/d5/photo1jpg.jpg?w=300&h=300&s=1"")"
161,g49049,"url(""https://dynamic-media-cdn.tripadvisor.com/media/photo-o/0a/77/34/8a/mall-entrance.jpg?w=300&h=300&s=1"")"
162,g49049,"url(""https://dynamic-media-cdn.tripadvisor.com/media/photo-o/18/92/2b/bb/20190728-171849-largejpg.jpg?w=900&h=-1&s=1"")"
163,g49049,"url(""https://dynamic-media-cdn.tripadvisor.com/media/photo-o/07/e1/26/a8/jim-n-nicks-bbq.jpg?w=200&h=-1&s=1"")"
164,g49049,"url(""https://dynamic-media-cdn.tripadvisor.com/media/photo-o/13/a7/d2/cd/photo1jpg.jpg?w=900&h=-1&s=1"")"
165,g49049,"url(""https://dynamic-media-cdn.tripadvisor.com/media/photo-o/1a/69/00/f5/a-beautiful-day-in-old.jpg?w=200&h=-1&s=1"")"
166,g49049,"url(""https://dynamic-media-cdn.tripadvisor.com/media/photo-o/1a/0c/ef/2f/exterior.jpg?w=300&h=300&s=1"")"
167,g49049,"url(""https://dynamic-media-cdn.tripadvisor.com/media/photo-o/1b/19/6d/a8/exterior.jpg?w=300&h=300&s=1"")"
168,g49049,"url(""https://dynamic-media-cdn.tripadvisor.com/media/photo-o/19/d7/88/1e/exterior.jpg?w=300&h=300&s=1"")"
169,g49049,"url(""https://dynamic-media-cdn.tripadvisor.com/media/photo-o/09/44/31/16/memorial-gardens.jpg?w=1000&h=700&s=1"")"
170,g49049,"url(""https://dynamic-media-cdn.tripadvisor.com/media/photo-o/06/d8/5b/75/memorial-gardens.jpg?w=200&h=-1&s=1"")"
171,g49049,"url(""https://dynamic-media-cdn.tripadvisor.com/media/photo-o/0f/5f/e0/b7/before-the-green-flag.jpg?w=900&h=-1&s=1"")"
172,g49049,"url(""https://dynamic-media-cdn.tripadvisor.com/media/photo-o/07/3b/65/ad/nascar-racing-experience.jpg?w=200&h=-1&s=1"")"
173,g49049,"url(""https://dynamic-media-cdn.tripadvisor.com/media/photo-o/19/d7/8b/3e/exterior.jpg?w=300&h=300&s=1"")"
174,g49049,"url(""https://dynamic-media-cdn.tripadvisor.com/media/photo-o/1b/35/78/72/kannapolis.jpg?w=300&h=300&s=1"")"
175,g49049,"url(""https://dynamic-media-cdn.tripadvisor.com/media/photo-o/1a/fd/ca/c8/exterior.jpg?w=300&h=300&s=1"")"
176,g49049,"url(""https://dynamic-media-cdn.tripadvisor.com/media/photo-o/0b/8a/e2/ed/huge-burger-and-fries.jpg?w=900&h=-1&s=1"")"
177,g49049,"url(""https://dynamic-media-cdn.tripadvisor.com/media/photo-o/09/5e/13/92/sticky-fingers.jpg?w=200&h=-1&s=1"")"
178,g49049,"url(""https://dynamic-media-cdn.tripadvisor.com/media/photo-o/16/f0/c1/8f/our-delicious-handmade.jpg?w=900&h=-1&s=1"")"
179,g49049,"url(""https://dynamic-media-cdn.tripadvisor.com/media/photo-o/1a/69/00/f5/a-beautiful-day-in-old.jpg?w=200&h=-1&s=1"")"
180,g49049,"url(""https://dynamic-media-cdn.tripadvisor.com/media/photo-o/0b/cc/a2/af/20160630-101552-largejpg.jpg?w=300&h=300&s=1"")"
181,g49049,"url(""https://dynamic-media-cdn.tripadvisor.com/media/photo-o/05/e8/29/25/catfish-and-shrimp.jpg?w=300&h=300&s=1"")"
182,g49049,"url(""https://dynamic-media-cdn.tripadvisor.com/media/photo-o/07/e1/26/a8/jim-n-nicks-bbq.jpg?w=300&h=300&s=1"")"
183,g49049,"url(""https://dynamic-media-cdn.tripadvisor.com/media/photo-o/05/e8/29/25/catfish-and-shrimp.jpg?w=900&h=-1&s=1"")"
184,g49049,"url(""https://dynamic-media-cdn.tripadvisor.com/media/photo-o/05/e8/29/25/catfish-and-shrimp.jpg?w=200&h=-1&s=1"")"
185,g49049,"url(""https://dynamic-media-cdn.tripadvisor.com/media/photo-o/17/53/5c/72/20190428-134920-largejpg.jpg?w=900&h=-1&s=1"")"
186,g49049,"url(""https://dynamic-media-cdn.tripadvisor.com/media/photo-o/04/65/af/6b/nhra-dragsters-at-zmax.jpg?w=200&h=-1&s=1"")"
187,g49049,"url(""https://dynamic-media-cdn.tripadvisor.com/media/photo-o/08/4a/91/2b/variety-of-delicious.jpg?w=300&h=400&s=1"")"
188,g49049,"url(""https://dynamic-media-cdn.tripadvisor.com/media/photo-o/0a/21/42/01/good-quick-sandwiches.jpg?w=300&h=400&s=1"")"
189,g49049,"url(""https://dynamic-media-cdn.tripadvisor.com/media/photo-o/0a/22/51/5b/breakfast-and-lunch-only.jpg?w=300&h=300&s=1"")"
190,g49049,"url(""https://dynamic-media-cdn.tripadvisor.com/media/photo-o/09/5e/13/81/sticky-fingers.jpg?w=1000&h=700&s=1"")"
191,g49049,"url(""https://dynamic-media-cdn.tripadvisor.com/media/photo-o/09/5e/13/92/sticky-fingers.jpg?w=200&h=-1&s=1"")"
192,g49049,"url(""https://dynamic-media-cdn.tripadvisor.com/media/photo-o/18/4d/f6/a1/photo1jpg.jpg?w=900&h=-1&s=1"")"
193,g49049,"url(""https://dynamic-media-cdn.tripadvisor.com/media/photo-o/12/f4/c8/8c/two-tacos-and-a-side.jpg?w=200&h=-1&s=1"")"
194,g49049,"url(""https://dynamic-media-cdn.tripadvisor.com/media/photo-o/0d/41/d1/3b/good-foods.jpg?w=300&h=300&s=1"")"
195,g49049,"url(""https://dynamic-media-cdn.tripadvisor.com/media/photo-o/07/42/60/1c/mekong-thai-restaurant.jpg?w=300&h=400&s=1"")"
196,g49049,"url(""https://dynamic-media-cdn.tripadvisor.com/media/photo-o/11/c2/44/94/new-thai.jpg?w=300&h=300&s=1"")"
197,g49049,"url(""https://dynamic-media-cdn.tripadvisor.com/media/photo-o/0b/13/f5/77/0424161204-largejpg.jpg?w=1000&h=700&s=1"")"
198,g49049,"url(""https://dynamic-media-cdn.tripadvisor.com/media/photo-o/04/65/af/6b/nhra-dragsters-at-zmax.jpg?w=200&h=-1&s=1"")"
199,g49049,"url(""https://dynamic-media-cdn.tripadvisor.com/media/photo-o/03/ee/c3/f3/frank-lisk.jpg?w=300&h=400&s=1"")"
200,g49049,"url(""https://dynamic-media-cdn.tripadvisor.com/media/photo-o/0d/10/d2/30/village-park.jpg?w=300&h=300&s=1"")"
201,g49049,"url(""https://dynamic-media-cdn.tripadvisor.com/media/photo-o/01/63/94/db/big-cat-love.jpg?w=300&h=300&s=1"")"
202,g49049,"url(""https://dynamic-media-cdn.tripadvisor.com/media/photo-o/06/e7/7f/84/texas-roadhouse.jpg?w=300&h=300&s=1"")"
203,g49049,"url(""https://dynamic-media-cdn.tripadvisor.com/media/photo-o/07/eb/66/0e/longhorn-steakhouse.jpg?w=300&h=300&s=1"")"
204,g49049,"url(""https://dynamic-media-cdn.tripadvisor.com/media/photo-o/0d/f5/ac/d9/outback-steakhouse.jpg?w=300&h=400&s=1"")"
205,g49049,"url(""https://dynamic-media-cdn.tripadvisor.com/media/photo-o/1a/0c/ef/2f/exterior.jpg?w=300&h=300&s=1"")"
206,g49049,"url(""https://dynamic-media-cdn.tripadvisor.com/media/photo-o/19/d7/8b/3e/exterior.jpg?w=300&h=300&s=1"")"
207,g49049,"url(""https://dynamic-media-cdn.tripadvisor.com/media/photo-o/19/d7/88/1e/exterior.jpg?w=300&h=300&s=1"")"
208,g49049,"url(""https://dynamic-media-cdn.tripadvisor.com/media/photo-o/07/a0/4d/b1/royal-dragon.jpg?w=300&h=400&s=1"")"
209,g49049,"url(""https://dynamic-media-cdn.tripadvisor.com/media/photo-o/11/c2/4f/0b/cannon-blvd-view.jpg?w=300&h=300&s=1"")"
210,g49049,"url(""https://dynamic-media-cdn.tripadvisor.com/media/photo-o/0c/81/69/cd/quick-lunch-to-go.jpg?w=300&h=400&s=1"")"
211,g49049,"url(""https://dynamic-media-cdn.tripadvisor.com/media/photo-o/19/df/d2/ae/exterior.jpg?w=300&h=300&s=1"")"
212,g49049,"url(""https://dynamic-media-cdn.tripadvisor.com/media/photo-o/17/94/11/94/guest-room.jpg?w=300&h=300&s=1"")"
213,g49049,"url(""https://dynamic-media-cdn.tripadvisor.com/media/photo-o/0e/40/bd/c8/getlstd-property-photo.jpg?w=300&h=300&s=1"")"
214,g49049,"url(""https://dynamic-media-cdn.tripadvisor.com/media/photo-o/19/d7/93/94/pool.jpg?w=300&h=300&s=1"")"
215,g49049,"url(""https://dynamic-media-cdn.tripadvisor.com/media/photo-o/17/8b/ef/9e/pool.jpg?w=300&h=300&s=1"")"
216,g49049,"url(""https://dynamic-media-cdn.tripadvisor.com/media/photo-o/09/9c/dc/7a/photo0jpg.jpg?w=300&h=300&s=1"")"
217,g49049,"url(""https://dynamic-media-cdn.tripadvisor.com/media/photo-o/14/84/91/91/photo0jpg.jpg?w=300&h=-1&s=1"")"
218,g49049,"url(""https://dynamic-media-cdn.tripadvisor.com/media/photo-o/10/58/d6/83/c3-signature-ice-cream.jpg?w=300&h=400&s=1"")"
219,g49049,"url(""https://dynamic-media-cdn.tripadvisor.com/media/photo-o/13/69/01/62/hotel-exterior.jpg?w=300&h=300&s=1"")"
220,g49049,"url(""https://dynamic-media-cdn.tripadvisor.com/media/photo-o/18/47/4b/b1/lobby.jpg?w=300&h=300&s=1"")"
221,g49049,"url(""https://dynamic-media-cdn.tripadvisor.com/media/photo-o/12/97/f4/1a/lobby.jpg?w=300&h=300&s=1"")"
222,g49049,"url(""https://dynamic-media-cdn.tripadvisor.com/media/photo-o/13/64/27/5a/hotel-exterior.jpg?w=300&h=300&s=1"")"
223,g49049,"url(""https://dynamic-media-cdn.tripadvisor.com/media/photo-o/06/80/25/d7/quiet-location.jpg?w=300&h=300&s=1"")"
224,g49049,"url(""https://dynamic-media-cdn.tripadvisor.com/media/photo-o/15/14/dc/bd/coffeespot.jpg?w=300&h=300&s=1"")"
225,g49049,"url(""https://media-cdn.tripadvisor.com/media/photo-s/0e/57/35/58/tunnel.jpg"")"
